Addison Road,,B54.47871470451355,B54.31874060630798,B54.46616244316101,S54.38724064826965,S54.25197649002075,S162.63350009918213,S54.472681522369385,B434.7906653881073,B54.237215757369995,S706.5892472267151,B54.33783435821533,B54.479854345321655,B706.7005400657654,S435.38199496269226,S54.39656734466553,B544.4171154499054,B54.67375659942627,S707.9085631370544,S54.022929191589355,B652.8750078678131,B54.445350885391235,S653.2649176120758,S54.454345703125,B653.0009834766388,B54.40216326713562,S653.380215883255,S54.47008991241455,B707.722083568573,S652.8417456150055,S54.54650044441223,B543.8611857891083,B54.50921607017517,S707.1188662052155,S54.39894723892212,S653.2858300209045,B816.7947211265564,B54.56507968902588,B599.367861032486,
Anacostia,,G217.45319843292236,G54.32243728637695,G54.6358425617218,G380.2092025279999,G380.1500816345215,G54.576722860336304,G54.23737645149231,G435.4279477596283,G489.665322303772,G54.50611233711243,G54.50611186027527,G54.31843709945679,G326.5743601322174,G54.25153613090515,G380.7671675682068,G54.44592809677124,G435.8444788455963,G544.5501158237457,G54.471235036849976,G54.471235036849976,G326.29554200172424,G326.29554271698,G54.43499422073364,G54.43499255180359,G489.78455924987793,G489.78456020355225,
Archives-Navy Memorial-Penn Quarter,,Y54.213605880737305,G54.03140830993652,G54.63786768913269,Y272.20149970054626,G489.01329278945923,G54.574283838272095,Y434.37601590156555,Y54.35299015045166,G597.512978553772,G54.54873847961426,Y598.078439950943,Y54.41721439361572,G380.80507040023804,Y381.08401346206665,G272.2516052722931,Y54.50030159950256,Y272.0710880756378,G544.1927750110626,Y326.38223338127136,G54.26054501533508,Y489.5359411239624,G544.2974627017975,Y54.76152205467224,G54.47166562080383,Y272.5221540927887,G381.37732338905334,G54.51220703125,G326.6152021884918,Y381.0868675708771,G54.472829818725586,Y54.47283172607422,Y217.40409779548645,Y544.1539418697357,Y54.51037406921387,Y54.37291169166565,G489.62096405029297,G435.2265450954437,G54.477675676345825,G54.20024299621582,Y217.5123167037964,G381.0857400894165,G435.28598284721375,G54.61561131477356,G54.61561131477356,Y544.7735333442688,Y816.9769308567047,Y54.5927939414978,G381.8968803882599,Y163.63337206840515,
Arlington Cemetery,,B54.73347735404968,B54.4095892906189,B434.5973744392395,B53.96265625953674,B652.333482503891,B54.40221667289734,B707.5484311580658,B54.3824725151062,B707.7290222644806,B816.67848944664,B54.46588850021362,B381.0847954750061,B54.433377504348755,B652.782342672348,B54.31750178337097,B761.6082789897919,B54.47006130218506,B545.393607378006,B54.531346559524536,
Ashburn,,S1414.0568709373474,S2395.3685545921326,S54.5927517414093,S54.631996393203735,S54.53748559951782,S1906.2378027439117,
Ballston-MU,,S380.6294937133789,S54.40516018867493,O760.6671733856201,S761.0194234848022,S54.443766355514526,S706.7501814365387,O707.1707031726837,O381.10129976272583,O54.34840273857117,S598.6304309368134,S762.1692802906036,O762.0903189182281,O54.388333320617676,O925.5197596549988,S435.34010100364685,S54.22947859764099,S1142.9460046291351,O598.4846501350403,O816.1766619682312,O54.30250406265259,O54.31580710411072,S217.59130859375,S54.550204277038574,S653.135017156601,S54.44466423988342,S272.8285903930664,S54.381279945373535,O545.3897705078125,O54.54193615913391,O654.2475121021271,
Benning Road,,S54.42145490646362,B54.4214563369751,S54.54984426498413,S162.80909395217896,S54.20575022697449,B543.1111035346985,B54.627705812454224,S434.8017964363098,S54.22264313697815,S54.534515142440796,S652.3123664855957,B706.7724468708038,B54.54215621948242,B652.9245383739471,B54.38385725021362,S598.7247087955475,S54.646578788757324,S762.1088678836823,B707.5778889656067,S54.47125864028931,B54.43953013420105,B653.3630526065826,B54.382824659347534,S707.4360885620117,S54.457558393478394,B489.57188987731934,B54.65325903892517,S652.9855806827545,B652.822555065155,B54.49435210227966,S652.7939350605011,S54.31130933761597,B652.9360356330872,S816.9882020950317,S54.37895965576172,B817.5515494346619,
Bethesda,,R54.412858724594116,R217.37005352973938,R54.314131021499634,R54.649213790893555,R271.75813031196594,R53.98536205291748,R380.1479015350342,R272.1113555431366,R217.7640790939331,R435.3654911518097,R54.543678998947144,R54.323580503463745,R217.78999090194702,R272.1135697364807,R54.651057720184326,R217.14796090126038,R54.58091688156128,R380.9807770252228,R381.2863383293152,R54.41420578956604,R489.99859523773193,R54.265366554260254,R272.03944659233093,R217.74064207077026,R326.35885739326477,R489.52824544906616,R54.3039345741272,R54.41655158996582,R218.1160590648651,R54.570549726486206,R381.7818114757538,R272.8261013031006,R54.44485425949097,R272.5923044681549,
Braddock Road,,Y108.96549940109253,Y217.46630454063416,B54.460394620895386,Y597.5220861434937,Y54.62375593185425,Y380.1479995250702,B217.25188612937927,B54.55128812789917,Y271.800217628479,Y54.55464959144592,Y489.6713364124298,B761.6349604129791,Y326.5588912963867,B489.72523498535156,Y54.5667359828949,B54.56673622131348,Y272.45667576789856,Y54.18405055999756,Y272.13290095329285,Y54.468571186065674,B653.2388327121735,B54.40600848197937,B598.7242617607117,Y653.1794307231903,B54.45516920089722,Y54.389705657958984,Y435.5316970348358,Y435.30867409706116,B653.0707187652588,B54.3847861289978,Y217.5266785621643,Y54.65709376335144,B761.8821547031403,B54.369380950927734,Y598.3641862869263,B272.060729265213,B54.62489986419678,Y490.1168723106384,Y54.67081141471863,Y436.08638191223145,B762.63671708107,B54.642493724823,Y272.59816122055054,
Branch Ave,,G925.4086380004883,G2394.068300962448,G979.7756450176239,
Brookland-CUA,,R54.41404366493225,R54.27656888961792,R326.20138716697693,R54.39814281463623,R271.7276031970978,R54.176475048065186,R271.57332372665405,R163.08264207839966,R54.55189347267151,R326.3100097179413,R54.50497627258301,R326.60448241233826,R54.32328176498413,R381.3089427947998,R326.6196630001068,R54.1685996055603,R54.56471920013428,R162.98518991470337,R54.55044770240784,R326.49853706359863,R54.39849400520325,R108.86089062690735,R54.52118372917175,R435.7555265426636,R271.9979410171509,R54.33198618888855,R489.6997196674347,R326.5518937110901,R54.32385993003845,R435.2243182659149,R326.8592576980591,R218.15591263771057,R54.56767296791077,R54.66596698760986,R163.61287474632263,R54.550496101379395,R327.2679240703583,
Capitol Heights,,B54.41732454299927,S54.405739068984985,S54.27979254722595,S163.2207863330841,B489.1104588508606,B54.17145323753357,S652.1194055080414,S488.9250853061676,S54.54138946533203,B706.9239823818207,B54.33060574531555,B707.3492939472198,S653.0948100090027,S761.9424579143524,S54.28861713409424,B653.21794962883,B707.8828225135803,S707.7201704978943,S653.4315540790558,S54.398592948913574,B707.5793452262878,B598.4953038692474,B54.35930013656616,S707.6058030128479,S762.0043952465057,S54.4526789188385,B598.8172528743744,B54.56108999252319,B762.4158854484558,B54.73416042327881,
Capitol South,,S54.1272988319397,S54.4129319190979,B54.210978746414185,O54.162540435791016,B597.7599720954895,B54.420300006866455,S597.6666383743286,S54.55536866188049,O326.24589920043945,O54.54541802406311,S543.4663288593292,B598.1806981563568,B54.520079135894775,B54.33775854110718,B489.68153381347656,B54.442835092544556,O653.2727746963501,S816.2394766807556,S653.0924959182739,B598.7718880176544,B54.45032072067261,B707.6368205547333,B54.64679503440857,O1088.7094724178314,O653.1390469074249,O54.52777552604675,O54.43784189224243,S707.7226686477661,S816.5888342857361,B653.0134081840515,S54.33747053146362,B54.56201124191284,B598.4393575191498,O652.8217301368713,O761.5321373939514,O54.55821180343628,S707.3467402458191,S54.65774083137512,S598.8008437156677,S54.45633816719055,B707.7376599311829,B54.66930627822876,B762.4039018154144,O763.0662639141083,O490.8320279121399,O54.73377561569214,O54.733776807785034,
Cheverly,,O54.30138373374939,O380.1651382446289,O54.57027196884155,O652.7360165119171,O54.44140148162842,O653.3795974254608,O54.17069458961487,O490.10565519332886,O762.2846968173981,O54.20425081253052,O54.20425081253052,O598.583340883255,O870.4959707260132,O817.3011825084686,O600.1264152526855,O54.73786163330078,
Clarendon,,S54.42876744270325,O54.18452525138855,S706.4353506565094,S54.54650902748108,O435.25079798698425,S706.890150308609,S54.361048221588135,O653.3791444301605,O54.56373453140259,S653.2128586769104,S54.15876007080078,S598.7620475292206,S54.44306969642639,O925.5841872692108,O54.208704710006714,S490.29408144950867,O761.8696076869965,O54.58251738548279,O544.2233128547668,O54.35295605659485,S652.9512822628021,S54.29290413856506,S1088.2138781547546,S54.55816388130188,O761.4795908927917,O54.66935658454895,S217.99859762191772,O653.6882894039154,O54.37180161476135,S327.5689492225647,
Cleveland Park,,R54.407769203186035,R217.39100289344788,R54.64697194099426,R54.64697241783142,R217.09024739265442,R271.22976660728455,R54.13951849937439,R54.49250912666321,R163.16719341278076,R217.65970420837402,R54.2947895526886,R54.2947883605957,R326.64996576309204,R381.0670921802521,R54.4171257019043,R54.363377809524536,R54.57637691497803,R435.1667945384979,R380.80125403404236,R54.57421517372131,R54.60393738746643,R217.91216444969177,R217.95695209503174,R54.64872622489929,R54.201786518096924,R217.96403193473816,R272.1658170223236,R54.13509750366211,R54.13509941101074,R326.4811782836914,R54.21864557266235,R380.6998224258423,R54.693588972091675,R272.2562201023102,R217.56263136863708,R54.57536816596985,R381.5861430168152,R54.73497796058655,R490.99821877479553,R54.22628903388977,
College Park-U of Md,,G54.41250491142273,G217.39350080490112,G271.7316429615021,G54.13482737541199,G434.5519423484802,G54.50411891937256,G489.75519323349,G435.25107622146606,G54.48215293884277,G54.482152700424194,G54.37439966201782,G54.41037702560425,G435.16973400115967,G543.9545090198517,G54.58244514465332,G54.582446813583374,G272.55877351760864,G54.19955921173096,G762.0723989009857,G435.3140649795532,G54.54858922958374,G54.548588275909424,G217.63348007202148,G54.42353296279907,G544.2577745914459,G54.44435787200928,G599.4547753334045,G54.51086378097534,G382.06698536872864,G108.96591973304749,G54.21945405006409,
Columbia Heights,,G54.39272475242615,G163.08556652069092,G434.81453704833984,G54.43032455444336,G434.72889161109924,G54.30836009979248,G489.39683294296265,G54.376776695251465,G381.27388548851013,G653.2658534049988,G54.19284653663635,G54.552977323532104,G326.67115211486816,G435.45574951171875,G54.650943994522095,G598.4000523090363,G54.5462064743042,G544.0636942386627,G54.37018847465515,G162.93624353408813,G54.695258140563965,G217.6811203956604,G54.289761781692505,G490.10771203041077,G54.66905164718628,G490.43771147727966,G54.72788691520691,G272.58242893218994,
Congress Heights,,G54.55834937095642,G54.14621448516846,G54.40042781829834,G163.08494806289673,G54.42158246040344,G380.544753074646,G53.999388694763184,G380.29608368873596,G435.39453172683716,G54.37998819351196,G544.3309795856476,G54.5310537815094,G435.46648478507996,G54.549708127975464,G326.2723195552826,G54.596980810165405,G435.5590786933899,G54.378228425979614,G544.2436106204987,G326.297180891037,G54.391356468200684,G54.502410888671875,G326.3255217075348,G54.69252872467041,G489.6766941547394,G54.39230918884277,G435.53414368629456,G54.75045824050903,G545.5915496349335,G54.213297843933105,
Court House,,S54.53585433959961,S54.40957808494568,S54.00157690048218,O54.00157856941223,S651.8300898075104,S54.521652936935425,O54.32686758041382,S54.326868295669556,O380.81018710136414,O54.59109115600586,S653.1267280578613,S54.277334690093994,S54.58968687057495,S599.119720697403,O653.2606089115143,S54.14088749885559,O54.54630255699158,S54.54630184173584,S544.4785223007202,O871.0709936618805,S54.38053846359253,O54.380539894104004,S54.49714517593384,S435.56495118141174,S54.36861443519592,O761.852511882782,O54.38993167877197,O544.0119931697845,O54.54996037483215,S652.640918970108,S54.68813633918762,S1033.7921178340912,O762.2780840396881,O54.2745041847229,O653.1652739048004,S218.18138980865479,O54.74342322349548,S54.49273467063904,S54.49281167984009,S54.59164476394653,S163.69104862213135,
Crystal City,,B54.40025448799133,B271.8318774700165,B54.49451208114624,Y162.7770185470581,Y54.42103624343872,Y434.66071033477783,Y54.38212299346924,B434.33150482177734,B706.5661633014679,Y217.5233302116394,B54.38458609580994,Y54.384584188461304,Y489.3998692035675,Y54.38146948814392,Y272.213166475296,Y381.17837953567505,Y54.53652477264404,B707.9594905376434,B54.14125466346741,B761.983122587204,B54.581181049346924,Y435.3859238624573,Y435.44045543670654,Y54.50163412094116,B707.830605506897,B54.43880867958069,Y598.6451480388641,B653.1562857627869,Y652.9453263282776,Y54.36929130554199,B326.28412890434265,Y54.46984577178955,B54.46984386444092,Y435.4365427494049,Y271.9499351978302,Y54.39729833602905,B653.1487150192261,Y272.2233121395111,Y217.97227263450623,Y218.138569355011,B762.641607761383,B54.689995765686035,
Deanwood,,O54.28906297683716,O54.44015717506409,O380.22323966026306,O597.7743034362793,O54.38240718841553,O652.8639621734619,O54.6064350605011,O653.0879881381989,O489.9707098007202,O54.497143507003784,O816.5059969425201,O54.5549578666687,O870.5887446403503,O543.9956450462341,O54.40493702888489,O54.404935121536255,O544.8483011722565,O54.588316917419434,
Downtown Largo,,B652.07555103302,B54.376633644104004,B707.628838300705,S762.2453470230103,S707.3123033046722,S2394.096661567688,S54.46822476387024,S326.4112403392792,S435.90250754356384,B2123.6342480182648,B54.41358280181885,
Dunn Loring-Merrifield,,O54.44534397125244,O53.97688627243042,O488.80534315109253,O54.51250672340393,O707.5799641609192,O54.441864013671875,O707.6079165935516,O54.51154971122742,O326.7119736671448,O54.38032817840576,O653.355516910553,O54.51323986053467,O761.6941637992859,O761.6941609382629,O54.41301369667053,O54.413015365600586,O544.849015712738,O54.57892990112305,O654.1141836643219,O54.59663438796997,
Dupont Circle,,R54.31319570541382,R217.57293963432312,R54.63402771949768,R434.73045325279236,R217.0477170944214,R53.9762864112854,R53.97628569602966,R326.4991807937622,R326.49918150901794,R54.505441665649414,R54.505441427230835,R108.92607474327087,R54.31636905670166,R435.6837089061737,R54.388235569000244,R381.0187005996704,R54.50635051727295,R217.15284276008606,R54.59997296333313,R435.6088926792145,R272.55162715911865,R54.366336822509766,R217.68964886665344,R54.420175552368164,R380.80279088020325,R271.9423317909241,R54.37871503829956,R217.72363257408142,R54.294888496398926,R326.4044373035431,R381.21307587623596,R54.54462003707886,R327.12011766433716,R54.70770883560181,R272.5873010158539,R54.684836864471436,
East Falls Church,,O54.62551736831665,O54.13298487663269,S380.1015920639038,S54.562636852264404,S706.6624093055725,S54.03813672065735,O652.0354981422424,O54.40698504447937,O706.8337700366974,O54.31661343574524,S653.0063757896423,S598.8662140369415,S54.43798518180847,S54.73801016807556,O381.0190725326538,O762.1446449756622,S707.7455554008484,S54.50336456298828,O870.7593994140625,O54.52087473869324,S1142.6875245571136,S435.17661452293396,S54.551788091659546,O870.7208116054535,S217.6252956390381,S54.41756749153137,O598.5585389137268,S272.31607818603516,O54.68272519111633,O599.0528349876404,S653.3439509868622,S54.732126235961914,
Eastern Market,,O54.34020400047302,S54.44664907455444,S54.616788148880005,B54.459816694259644,B53.97675609588623,O597.7868466377258,O54.56342029571533,O54.54088282585144,S488.84203839302063,S597.6704685688019,S54.21164107322693,S54.472594261169434,O326.3149149417877,B543.9242649078369,B54.30293941497803,B653.142055273056,B54.44119095802307,O653.019828081131,S653.4178214073181,S761.7489182949066,S54.60187554359436,B707.7678184509277,B598.8909871578217,B54.41311311721802,O653.3041005134583,O54.49109172821045,O1088.8473329544067,O54.27501201629639,S816.2587683200836,S54.33751440048218,S707.7184710502625,B653.0538430213928,B54.36344003677368,B653.1003246307373,O598.5103285312653,O816.0989985466003,O54.46092438697815,S598.586252450943,S54.48799395561218,S707.761988401413,B653.3551921844482,B54.539716720581055,B762.3616888523102,O490.41099667549133,B54.56901931762695,O54.569021224975586,O817.5611915588379,
Eisenhower Avenue,,Y54.41766285896301,Y54.44425296783447,Y54.619020223617554,Y54.4490110874176,Y162.57889580726624,Y54.47177314758301,Y271.54847478866577,Y54.04708981513977,Y325.99380469322205,Y54.47365975379944,Y326.8041431903839,Y54.29242134094238,Y490.2501769065857,Y489.78980445861816,Y54.22201323509216,Y271.5096664428711,Y218.21145009994507,Y54.42013931274414,Y327.12238216400146,Y272.1954629421234,Y54.4109148979187,Y163.07975816726685,Y54.492950439453125,Y489.6882903575897,Y544.0418698787689,Y598.7480974197388,Y436.49713492393494,Y381.7909092903137,Y54.573944330215454,Y54.57394313812256,
Farragut North,,R54.21891736984253,R54.41843819618225,R54.41843819618225,R54.44878387451172,R54.61540722846985,R217.63700985908508,R54.00521802902222,R325.5952203273773,R54.530641078948975,R326.2478880882263,R54.21174931526184,R326.3073887825012,R54.54069542884827,R108.83955001831055,R54.34199142456055,R435.56128215789795,R54.432135581970215,R217.77004027366638,R380.8971366882324,R54.25149130821228,R54.229430198669434,R272.4205148220062,R54.426198959350586,R435.99855399131775,R54.26529240608215,R163.16798400878906,R380.814546585083,R54.348111152648926,R217.74802350997925,R54.53210139274597,R272.2488548755646,R54.3051221370697,R272.03126287460327,R380.6532256603241,R54.473034381866455,R54.473034620285034,R272.9813632965088,R327.23999094963074,R54.25862765312195,
Farragut West,,S54.2149760723114,S54.12080001831055,B54.00365376472473,O434.74705719947815,O54.12760949134827,B706.6718363761902,S815.5111210346222,S652.2989020347595,S54.55814719200134,B652.8483259677887,B54.3953320980072,O978.6052649021149,O54.41874814033508,B652.9003868103027,B54.74705672264099,O870.8984599113464,S489.8155632019043,S54.25121593475342,S707.2591438293457,S54.736912965774536,B653.2057061195374,B435.25060510635376,B54.45027279853821,O598.8779826164246,O54.471057415008545,O598.708696603775,O54.49537491798401,S599.0343475341797,S54.42269015312195,S653.0280923843384,B652.9915261268616,B54.527116537094116,B816.2854843139648,O761.674150466919,O652.7712697982788,O54.448617458343506,O54.44861626625061,O54.42645835876465,B653.3320286273956,S979.8209509849548,B54.77022910118103,B653.7856862545013,B54.26578664779663,S1089.5809893608093,S54.56903052330017,O708.7121086120605,O763.1385672092438,
Federal Center SW,,S54.508634090423584,S54.345208168029785,O108.85384130477905,O54.0117404460907,S543.305449962616,S54.51052975654602,B597.655579328537,O326.2499830722809,B54.66232872009277,O54.220004081726074,O760.7448220252991,B706.4250335693359,S543.8443994522095,S54.562915086746216,B489.7797074317932,B54.576141357421875,O599.0242435932159,S816.3469183444977,O54.39383292198181,B652.8684282302856,S598.3055119514465,B54.72750997543335,S54.72750997543335,O1088.8583056926727,B707.5928864479065,S707.6117029190063,O707.6117033958435,S54.41181683540344,B653.0218846797943,B54.548829317092896,O598.7206377983093,S816.6085939407349,O54.35872149467468,S54.358720541000366,B652.8375265598297,B54.43381595611572,S652.7291204929352,S54.409371852874756,O816.2077140808105,O54.55178451538086,B707.7600588798523,B54.46203923225403,S598.8254981040955,O817.0829820632935,B654.0205721855164,B54.55753183364868,O490.803427696228,
Federal Triangle,,B54.504889249801636,O54.21377372741699,O54.60427808761597,S54.43865180015564,O434.670530796051,B706.3696367740631,S706.3696367740631,S54.51012372970581,B597.8709578514099,B54.55477571487427,O815.4185118675232,O54.38142466545105,S815.5926394462585,S489.7730784416199,S54.5685670375824,B707.7504165172577,O979.6115527153015,B489.807909488678,O598.7716219425201,O54.46659970283508,S653.3328266143799,S54.423951625823975,S598.7277798652649,S54.476213455200195,S54.476213455200195,B653.1984112262726,B54.281100034713745,O653.2919511795044,O54.40041184425354,O54.216543674468994,B761.9089066982269,B54.33984351158142,O653.0489847660065,O54.548003911972046,S652.9384722709656,B652.9546339511871,B54.39518117904663,S870.5239791870117,S54.30361461639404,B598.5944015979767,B54.6581494808197,O762.1368548870087,O54.51572346687317,O762.4602134227753,O54.27624320983887,S545.4065923690796,B708.734700679779,
Foggy Bottom-GWU,,S54.512587547302246,B54.33073878288269,O54.4664945602417,B54.11803460121155,S54.02682089805603,O434.68615198135376,O54.506948947906494,B652.0304906368256,B54.520392417907715,S815.1005082130432,S54.4502317905426,B706.867406129837,S652.8248014450073,O924.4043600559235,S54.38700723648071,B653.2221734523773,B54.401851654052734,O870.6696448326111,S707.526150226593,B598.3123803138733,S489.49551939964294,B54.72256016731262,S54.72255992889404,B54.55619549751282,O653.2374842166901,O54.432249546051025,B381.0055899620056,B54.436686515808105,O598.9360837936401,O54.35758709907532,S653.4372909069061,S54.2314887046814,S598.6860837936401,S54.32234072685242,B653.0300195217133,B54.483522176742554,O761.8474736213684,O54.29102087020874,B816.306037902832,O652.8193118572235,O54.30727458000183,B707.7176430225372,S926.0696849822998,S54.2757031917572,S1089.3685946464539,B653.860301733017,O763.0053555965424,B54.54082441329956,O54.58319640159607,
Forest Glen,,R54.22719049453735,R326.53526425361633,R272.03951048851013,R54.20656180381775,R380.1444978713989,R54.1969199180603,R434.74822068214417,R54.52678155899048,R217.71017026901245,R272.10598516464233,R54.47689485549927,R435.7335047721863,R163.4334418773651,R54.2828152179718,R54.41477990150452,R271.9672396183014,R54.55896186828613,R326.5761549472809,R326.6948537826538,R54.45669627189636,R435.42119455337524,R54.24347901344299,R326.35640358924866,R326.60422468185425,R54.306416273117065,R326.4160840511322,R163.2865879535675,R54.40259909629822,R54.312992811203,R272.4416558742523,R54.457438945770264,R54.522467851638794,R436.16025376319885,R54.70142078399658,R327.31814885139465,
Fort Totten,,G54.417638301849365,R54.4479866027832,R271.812805891037,G489.30265188217163,R54.26814389228821,G54.26814341545105,G108.58944249153137,R271.56244945526123,G54.50650382041931,G489.1768946647644,G54.20628356933594,R326.03786396980286,R217.38842964172363,R54.446513175964355,R54.53516364097595,G380.9246361255646,G54.3757586479187,G381.09411454200745,G54.37797927856445,R326.6324234008789,R326.5783534049988,R54.481093406677246,R54.540931940078735,R163.31158924102783,R54.513103723526,R326.3922190666199,G435.21578645706177,R54.43266534805298,G54.432666301727295,R54.576446771621704,G762.0579218864441,G54.43194556236267,R435.40853810310364,R326.7599368095398,R54.50100111961365,G217.82265210151672,R108.81427192687988,G54.36557483673096,G544.6516597270966,R54.52235245704651,R272.2247302532196,G54.5223503112793,R54.08679127693176,G272.0186216831207,R326.6134350299835,R54.30776929855347,R489.56727862358093,G544.0896298885345,R54.307575941085815,G54.30757546424866,R326.67077016830444,G217.80391335487366,G489.66014671325684,R54.53719925880432,G54.53719758987427,R326.8544874191284,R54.46007776260376,R272.53924202919006,R218.27839183807373,R54.71260476112366,R54.52085089683533,G545.3476400375366,
Franconia Springfield,,B707.6219801902771,B1741.1829640865326,B326.69637298583984,B54.36484384536743,B54.364845514297485,B54.51234483718872,B54.51234292984009,B54.09235978126526,B54.09235978126526,B54.46385073661804,B54.463850259780884,B54.438053607940674,B54.43805551528931,B163.36776399612427,B54.34778428077698,B871.4921321868896,
Friendship Heights,,R54.52121448516846,R54.39562201499939,R54.48816275596619,R326.1451563835144,R163.13853573799133,R54.21362638473511,R271.4840176105499,R54.51997232437134,R380.30237793922424,R217.38892269134521,R272.28995990753174,R54.340065717697144,R435.54411029815674,R54.539220333099365,R217.83980011940002,R326.8492045402527,R54.01347279548645,R54.01347017288208,R218.03277325630188,R54.60599637031555,R435.78500151634216,R54.48806095123291,R54.459293842315674,R380.97424602508545,R54.08736324310303,R162.9680233001709,R54.46458292007446,R272.27069568634033,R54.356499671936035,R272.1626133918762,R54.2985053062439,R435.51131105422974,R381.21280694007874,R54.517165422439575,R54.517165660858154,R163.74068999290466,R218.0221312046051,R54.28144025802612,R54.70951557159424,R54.709513664245605,
Gallery PI-Chinatown,,G54.52399826049805,R54.166611194610596,R54.48270893096924,G54.148672342300415,Y489.3187110424042,R380.4849166870117,Y54.2351233959198,G489.0298361778259,R325.77326703071594,G54.17046284675598,R54.41277360916138,Y434.6687476634979,Y54.512229681015015,R271.8525056838989,R54.205312967300415,G380.85765075683594,R380.8035640716553,G652.2753081321716,R54.707826375961304,Y380.99915981292725,Y598.3885724544525,Y54.293946266174316,Y54.40442442893982,R381.0716233253479,R217.58496069908142,G272.29278779029846,R109.01709818840027,R54.46695256233215,G54.46695160865784,R54.608965158462524,Y217.96250867843628,R54.283092975616455,Y54.283092975616455,G544.4287889003754,G54.529144287109375,Y489.5893099308014,R326.3053638935089,Y54.47402238845825,R54.560301065444946,Y271.97360825538635,R326.5356981754303,R54.442482709884644,R54.62190794944763,G544.4921472072601,G380.9273211956024,Y272.44580340385437,G54.54464411735535,Y54.32392692565918,Y381.3300325870514,R381.3559195995331,Y54.586185932159424,G380.96886944770813,R435.0606393814087,R217.33120203018188,Y217.3312017917633,R54.458311557769775,R54.45831084251404,Y54.45831108093262,G489.5836203098297,Y489.8450412750244,G54.58534646034241,R217.79506373405457,Y54.325722455978394,Y217.79506397247314,Y54.380959272384644,R381.0001571178436,G489.5502378940582,R217.53600668907166,R54.33091378211975,R54.41167688369751,G435.1466884613037,G54.52755093574524,R272.3438630104065,Y435.49891114234924,R54.52111196517944,G381.1958909034729,Y54.521114349365234,R326.8954722881317,G54.442171812057495,R54.54791307449341,G381.7831223011017,Y871.6650183200836,R381.8851773738861,R327.2864282131195,
Georgia Ave-Petworth,,G54.1489417552948,G162.80344796180725,G54.23580479621887,G488.94717049598694,G380.49951553344727,G54.44265699386597,G54.52123403549194,G381.16773772239685,G54.4661431312561,G707.4203479290009,G54.56401801109314,G435.43728590011597,G54.43989658355713,G272.4519519805908,G544.1394412517548,G54.460068464279175,G598.4779107570648,G54.39393138885498,G272.1204249858856,G217.56766510009766,G490.06177616119385,G54.55002427101135,G545.1846599578857,
Glenmont,,R1087.6365721225739,R707.4902358055115,R1469.7625524997711,
Greenbelt,,G489.120393037796,G490.12230610847473,G54.279974699020386,G870.67675948143,G489.79052782058716,G54.399890661239624,G54.50556540489197,G1469.9403860569,
Greensboro,,S54.651281118392944,S54.490089654922485,S651.9980928897858,S597.6705143451691,S54.59577679634094,S326.46424746513367,S54.553906202316284,S707.6535596847534,S54.27409768104553,S54.434600830078125,S54.54026651382446,S54.130526304244995,S54.372719049453735,S54.5179226398468,S54.56395506858826,S54.626641511917114,S54.43797707557678,S54.26564598083496,S54.5659065246582,S707.7922716140747,S54.48667001724243,S54.48667001724243,S54.43745994567871,S54.43746066093445,S54.342514991760254,S217.38836312294006,S54.411306619644165,S543.9939315319061,S54.41507649421692,S598.588531255722,S435.629492521286,S54.68745684623718,S436.29731130599976,S54.6452260017395,
Grosvenor-Strathmore,,R380.268728017807,R54.56675839424133,R380.1688938140869,R54.22434878349304,R217.32290935516357,R272.244286775589,R54.5032012462616,R326.72094774246216,R54.5056266784668,R217.60803365707397,R54.459147691726685,R163.46490383148193,R54.43130660057068,R271.82114720344543,R435.4401502609253,R272.3816108703613,R54.43678331375122,R381.3895528316498,R54.34847927093506,R435.235741853714,R54.281527519226074,R489.58346939086914,R54.403634786605835,R217.58518505096436,R54.38693070411682,R163.15380001068115,R54.50871276855469,R272.4833698272705,R54.39818739891052,R327.1229498386383,R54.57732629776001,R273.0189847946167,
Herndon,,S54.273165702819824,S54.56697106361389,S489.6160624027252,S54.42467737197876,S761.5145442485809,S54.38410782814026,S598.7979083061218,S707.8114678859711,S54.46991539001465,S326.8195626735687,S54.422332763671875,S543.9571266174316,S870.5704848766327,S708.1831214427948,S54.2877881526947,S545.3928515911102,
Huntington,,Y54.418036222457886,Y163.37495684623718,Y108.58787488937378,Y54.273903608322144,Y54.27994179725647,Y54.1188325881958,Y597.7604765892029,Y54.53355836868286,Y871.0030617713928,Y54.263728618621826,Y54.56272220611572,Y326.639799118042,Y54.27624154090881,Y54.565980672836304,Y54.47253203392029,Y54.435667276382446,Y1360.6072163581848,Y489.8745424747467,Y54.33852505683899,Y436.000652551651,Y54.673341274261475,
Hyattsville Crossing,,G271.82769989967346,G54.36193609237671,G54.36193370819092,G434.63360500335693,G488.9289164543152,G54.451048612594604,G54.387051820755005,G54.532155990600586,G489.7764160633087,G435.5953574180603,G54.258136510849,G544.5195593833923,G54.43440628051758,G326.6164038181305,G762.16370677948,G217.4544861316681,G54.60470247268677,G489.47425055503845,G653.0965373516083,G54.76762866973877,G599.3797740936279,G108.88352060317993,G54.288835763931274,G54.67437672615051,
Innovation Center,,S54.37093758583069,S652.2093765735626,S761.0597307682037,S54.49936604499817,S544.2445201873779,S54.605809450149536,S707.676944732666,S54.46474742889404,S544.1692643165588,S54.564125299453735,S326.2777841091156,S543.9651627540588,S54.42800450325012,S707.7680501937866,S871.1700041294098,S54.57895112037659,
Judiciary Square,,R54.367958545684814,R217.35541582107544,R380.3527600765228,R380.3734230995178,R54.398393392562866,R271.935227394104,R380.61993432044983,R54.37945508956909,R54.379454135894775,R217.89023518562317,R54.37234568595886,R326.62836265563965,R54.569262742996216,R163.1788420677185,R326.7047276496887,R54.11136841773987,R435.49508023262024,R381.36232018470764,R217.77517700195312,R54.32504081726074,R489.67913365364075,R217.7351553440094,R380.74462270736694,R54.40225648880005,R54.40225577354431,R217.6438226699829,R54.43060111999512,R272.074423789978,R54.59280848503113,R327.47272753715515,R381.6779203414917,
King St-Old Town,,Y108.59299516677856,Y54.328707218170166,B54.366260290145874,Y163.2585208415985,Y54.19902777671814,Y54.264689207077026,B54.399502754211426,Y325.84840512275696,Y271.86890864372253,Y54.59259581565857,B217.4656207561493,B54.4617805480957,B706.7871046066284,B54.29744601249695,Y381.0171287059784,Y54.3780574798584,Y435.39518642425537,Y54.348387002944946,B490.2695770263672,B54.22221803665161,Y217.7575957775116,Y54.5971097946167,B653.3906598091125,B54.44503712654114,Y653.3288428783417,Y326.62574887275696,Y54.265186071395874,B598.817565202713,B54.424251317977905,Y380.8517413139343,Y435.1169288158417,Y54.40358233451843,Y54.403581380844116,B653.000794172287,B54.42570686340332,Y217.93622756004333,Y54.22803235054016,B707.2938594818115,B54.375192642211914,Y544.2090442180634,Y54.439302921295166,Y490.048467874527,Y54.54113578796387,B326.85425424575806,B54.58234739303589,B762.6549344062805,B54.109105825424194,Y381.5778741836548,Y54.86718821525574,
L'Enfant Plaza,,O54.2324116230011,G54.366915464401245,Y54.36691641807556,B54.47055983543396,G54.470564126968384,Y54.4146203994751,O54.35638451576233,Y217.5709524154663,S54.283607721328735,S54.28360843658447,O325.9947874546051,G543.5657455921173,O54.049713373184204,G54.04970979690552,G488.81550335884094,B543.4120223522186,G54.59651589393616,B54.29620409011841,Y543.2936046123505,Y488.93722200393677,B706.6303684711456,O815.326673746109,Y54.45158100128174,O54.410030364990234,Y54.410032987594604,Y54.492231130599976,G272.16839480400085,S544.0150351524353,G54.2756712436676,G381.04058170318604,Y163.3719608783722,G54.577945947647095,Y54.382678270339966,Y435.4561553001404,B490.09058356285095,S816.6036500930786,B54.64589309692383,S54.20360040664673,Y272.2397577762604,B653.3647584915161,O598.9547283649445,Y54.468098163604736,B54.077680587768555,O54.07767939567566,G489.7461576461792,G54.41191625595093,G54.455817222595215,G544.0359470844269,S653.4107818603516,G54.79688906669617,O1088.8891916275024,Y272.18013215065,Y544.5403168201447,O54.44565439224243,Y54.44565486907959,G327.0066134929657,S653.2432975769043,B707.4468970298767,G54.415005683898926,G326.6247282028198,S54.51271200180054,B54.512712478637695,G54.512712717056274,B653.4882869720459,O653.4882884025574,Y380.940181016922,B54.164891719818115,O54.16489124298096,Y543.967010974884,O543.9500031471252,O54.611337184906006,G435.25664806365967,Y272.0577144622803,G54.452452421188354,Y54.4524507522583,S870.5639317035675,G489.42649006843567,S54.41423773765564,G54.41423988342285,B598.2384905815125,Y163.04210209846497,S652.7885236740112,B54.55003309249878,Y54.55003309249878,S54.37632703781128,G326.2635672092438,G54.45119857788086,B707.651985168457,B54.563074827194214,O762.2150597572327,O54.41623115539551,S544.7617764472961,Y871.3351068496704,G544.7617766857147,O817.0736360549927,S54.778515577316284,Y54.77851343154907,Y544.7031626701355,G436.44472908973694,Y163.53208470344543,B708.5221092700958,Y54.39753031730652,G163.53110671043396,G327.28448462486267,
Landover,,O54.40726089477539,O435.0200779438019,O652.1617474555969,O54.486027240753174,O653.0321683883667,O54.40242266654968,O762.2067334651947,O490.3902065753937,O652.8238277435303,O54.62204837799072,O925.0719232559204,O54.40829062461853,O762.2882471084595,O54.7823326587677,
Loudoun Gateway,,S54.18783116340637,S380.2253837585449,S54.52657866477966,S652.5479135513306,S54.5792818069458,S653.0321748256683,S54.65224623680115,S653.2805681228638,S54.425384521484375,S543.9777684211731,S653.014476776123,S598.7263112068176,S54.43754172325134,S435.16539430618286,S54.59621024131775,S653.4144785404205,S54.78001546859741,
McLean,,S54.40228891372681,S597.7652540206909,S597.7476217746735,S54.42507529258728,S380.73476934432983,S54.47261428833008,S707.5931496620178,S1306.502418756485,S54.15674424171448,S54.43046426773071,S762.065269947052,S272.1555757522583,S54.41885805130005,S435.14837670326233,S54.45482587814331,S490.1336030960083,S54.6183443069458,
McPherson Square,,S54.32499980926514,S54.48461937904358,O435.0396237373352,O54.179224252700806,S652.131584405899,S54.441598653793335,S815.5183119773865,S54.52631449699402,B707.2329456806183,B652.9464771747589,B54.36082911491394,O979.0415675640106,O870.5029366016388,O54.64448046684265,O54.64447999000549,S544.4693610668182,B435.4918534755707,S707.6945323944092,B54.62100529670715,B653.3187119960785,B54.476518392562866,O544.1502828598022,O54.379228591918945,O653.0507843494415,O54.40158009529114,S598.8356211185455,S54.4974308013916,S653.0032787322998,S54.43688631057739,B707.440167427063,B54.43417429924011,B707.2333793640137,O652.8541483879089,B54.41250944137573,O54.412508964538574,O761.6816482543945,O54.28751516342163,S925.0783836841583,S54.59254765510559,B653.2423017024994,B54.59934759140015,B653.8182919025421,B54.70825958251953,O763.0803906917572,O54.385151386260986,S1089.5881061553955,
Medical Center,,R54.43107724189758,R380.6823124885559,R326.08573603630066,R54.27885317802429,R271.62840962409973,R54.37959885597229,R435.0230448246002,R271.8306202888489,R217.83833026885986,R272.2005624771118,R54.3622305393219,R54.36340117454529,R217.90046405792236,R272.26386618614197,R54.45248293876648,R381.056280374527,R381.10092306137085,R54.49712610244751,R54.35326623916626,R272.11449670791626,R435.0488657951355,R54.61596727371216,R217.71137738227844,R489.56052565574646,R54.53616976737976,R326.31617307662964,R217.7299952507019,R54.60206913948059,R54.5635039806366,R272.60696935653687,R54.672542333602905,R381.8430154323578,
Metro Center,,R54.52595257759094,O54.52595019340515,S54.418211460113525,R326.3382833003998,S54.260201930999756,R54.342381954193115,O54.34238028526306,R380.50687885284424,O434.70230054855347,B54.271339654922485,B54.54827308654785,R326.00849509239197,R325.82034134864807,R54.16401267051697,R54.46554231643677,S652.1942162513733,S54.29714560508728,R326.62989473342896,R381.09543633461,S815.6103248596191,B598.4490184783936,R54.41404747962952,R54.41404700279236,S54.41404700279236,B54.41404676437378,O870.0375692844391,R108.72906827926636,B652.7829015254974,R54.62893104553223,B54.628931522369385,R218.00246334075928,S544.7492561340332,R54.18298387527466,O979.3198533058167,O54.43849158287048,B435.1613657474518,B54.41679668426514,R380.8504195213318,R272.02297163009644,R54.634342432022095,R54.63434195518494,O598.9302446842194,S707.6816136837006,O54.39579224586487,B653.1686327457428,B54.541264057159424,S653.065434217453,R381.11363673210144,O653.3324580192566,R435.5079610347748,R54.394325733184814,O54.394325733184814,R54.27858209609985,R162.87867259979248,R54.60653853416443,B762.2577719688416,R217.64439225196838,R54.43776226043701,S653.0277554988861,O653.0277557373047,S54.42914700508118,O54.42914700508118,R271.9361515045166,R271.9361515045166,B707.1419517993927,R54.52814698219299,R54.52814722061157,B54.52814698219299,R54.37700581550598,O761.5174326896667,S924.8002593517303,O54.596237897872925,S54.59623718261719,R272.30156230926514,R217.92455625534058,B653.2036230564117,R54.57555270195007,R54.57555174827576,B54.5755500793457,R54.339552879333496,O762.5033943653107,O54.6765251159668,R327.33772587776184,B654.2148404121399,B54.29963493347168,S490.78807854652405,R381.89937114715576,
Minnesota Ave,,O54.41746187210083,O380.53496050834656,O54.2711718082428,O597.7401659488678,O54.457809925079346,O598.4425799846649,O54.41734600067139,O653.2346084117889,O54.440693378448486,O544.2113614082336,O762.0059058666229,O54.13381266593933,O870.9217548370361,O54.427613258361816,O544.3377003669739,O54.32717752456665,O544.3940148353577,O54.589985847473145,
Morgan Boulevard,,B54.16186594963074,B54.222557067871094,S54.2452187538147,S54.54713153839111,S108.55981636047363,S54.45224046707153,B706.6191899776459,B54.296281576156616,B489.29453015327454,B54.4295916557312,S381.0585606098175,S54.351924896240234,S707.2148933410645,S54.36276412010193,B598.9433188438416,B54.44108295440674,B544.4614026546478,B54.082276344299316,S653.3299503326416,S54.489909172058105,S707.8030340671539,B707.7229371070862,B653.616703748703,B54.40566086769104,B54.00407838821411,S707.3816998004913,S707.273993730545,S54.51182293891907,B544.3406913280487,B54.32508444786072,B761.6986491680145,B54.57859134674072,S653.7666208744049,S54.326910972595215,S654.0138173103333,B545.5353410243988,S54.63855957984924,B54.28520393371582,
Mt Vernon Sq 7th St-Convention Center,,G54.53111505508423,Y54.16391849517822,G380.48115277290344,G54.33580803871155,G54.22807002067566,Y380.5453054904938,Y54.26976180076599,G380.29653429985046,G54.298075675964355,Y380.5430097579956,Y54.46425700187683,G598.4033617973328,G54.30314326286316,G272.40245628356934,G544.7424204349518,G54.19874858856201,Y544.4703125953674,G381.05392813682556,G54.21787142753601,Y381.05539107322693,Y54.49639654159546,G544.3393123149872,G54.557504177093506,Y272.1741075515747,G271.6825416088104,G489.5063090324402,G54.4782178401947,G54.47821640968323,Y271.9103033542633,G435.48828649520874,G54.369744539260864,G489.85803151130676,Y489.59921765327454,G326.8599989414215,G381.43576979637146,G54.78371500968933,
Navy Yard-Ballpark,,G54.346702337265015,G54.23072957992554,G434.7063958644867,G326.0682110786438,G54.293865442276,G489.27842378616333,G54.44746994972229,G490.1104459762573,G326.7466289997101,G54.63246965408325,G54.63246750831604,G381.0537009239197,G54.223689794540405,G544.1953525543213,G54.35299611091614,G489.49826407432556,G380.881548166275,G326.7868995666504,G54.23914313316345,G489.67531394958496,G54.32621765136719,G490.17449855804443,G54.57642149925232,G545.5417330265045,
Naylor Road,,G54.64360070228577,G435.0056459903717,G54.24127459526062,G380.22320461273193,G54.347848653793335,G217.39595127105713,G54.21044850349426,G326.7781596183777,G435.29039764404297,G54.41672134399414,G543.8550488948822,G489.7551591396332,G54.61862134933472,G54.445581912994385,G326.7841453552246,G326.88569021224976,G54.54712653160095,G54.39949440956116,G489.64209175109863,G544.0415880680084,G54.42618489265442,G326.31100702285767,G54.59851551055908,G544.5981698036194,G54.240519523620605,G54.575636863708496,G436.50007700920105,G54.45577120780945,G327.31464552879333,
New Carrollton,,O1468.4087460041046,O1415.3133306503296,O54.57435202598572,O272.65999579429626,O54.77188515663147,O54.77188539505005,O54.50990700721741,O54.50990653038025,O54.45106267929077,O54.451061487197876,O54.43767833709717,O54.43767833709717,
NoMA-Gallaudet U,,R54.64842629432678,R54.33042502403259,R162.92384791374207,R54.25236773490906,R325.8904263973236,R54.331079959869385,R326.2023825645447,R54.146467208862305,R271.88656997680664,R272.332346200943,R54.41584086418152,R326.7291781902313,R54.472898960113525,R381.05355501174927,R163.15794134140015,R380.8441684246063,R54.82885766029358,R54.828858852386475,R163.16049027442932,R54.33930015563965,R435.316917181015,R54.48071479797363,R435.27242064476013,R54.44447207450867,R380.72071290016174,R54.422229528427124,R217.72389245033264,R54.343087911605835,R163.10909843444824,R54.490214109420776,R381.4097692966461,R272.40048384666443,R54.246939182281494,R272.99370646476746,R327.4442780017853,R54.45056986808777,R54.44197416305542,
North Bethesda,,R54.55923247337341,R54.24782395362854,R380.2337017059326,R54.25277543067932,R380.2000501155853,R54.59704542160034,R271.85112619400024,R54.624013900756836,R163.05166697502136,R54.45375084877014,R217.7055308818817,R272.2823610305786,R54.47556471824646,R217.68999314308167,R489.7430646419525,R54.266257524490356,R218.10818076133728,R272.3451814651489,R54.23699879646301,R381.17008543014526,R53.94189715385437,R489.7474310398102,R54.39312958717346,R217.74507665634155,R54.43066048622131,R489.9724476337433,R54.33300805091858,R271.87320256233215,R54.785496950149536,R163.5575602054596,R272.6830861568451,R381.825879573822,
Pentagon,,Y380.5224289894104,B54.352391481399536,Y54.35238981246948,Y489.1112298965454,B434.53378105163574,Y54.2419490814209,B54.24194645881653,Y217.28541088104248,Y163.12050008773804,Y54.31344962120056,Y54.2459602355957,B706.9190061092377,Y435.32014536857605,Y435.49885392189026,Y54.36570501327515,B707.2310199737549,Y272.22463726997375,Y381.0150113105774,Y54.46942496299744,Y54.469427824020386,B816.6895749568939,B707.8992009162903,B54.27132177352905,B54.271321296691895,Y490.0145823955536,Y54.41314077377319,Y544.4277236461639,Y54.469547510147095,B380.87963032722473,Y380.94200801849365,B598.5953381061554,Y54.2325177192688,B54.426509141922,B54.42829751968384,Y217.61985278129578,Y761.588338136673,Y54.324408531188965,Y54.5092830657959,Y217.95941185951233,Y218.15911865234375,B816.5550968647003,B544.6774632930756,B54.65604567527771,Y218.10037517547607,Y54.61212182044983,Y490.832679271698,
Pentagon City,,Y53.979249477386475,B54.3469021320343,Y54.18828749656677,Y380.54116773605347,Y54.23809766769409,Y162.75222778320312,B434.503089427948,B54.53721213340759,Y217.46454858779907,Y54.52708983421326,B706.7158560752869,B54.50903081893921,Y544.1734719276428,Y435.251912355423,B707.4408633708954,Y272.4259135723114,Y54.34554719924927,Y380.98371028900146,Y54.42608833312988,B762.1495251655579,B54.2350287437439,Y489.9739866256714,Y54.218907833099365,B707.7085664272308,B54.39651536941528,Y544.5687992572784,Y54.49357008934021,B598.5863583087921,B380.7698040008545,B54.65220332145691,Y380.7193739414215,Y707.449408531189,Y54.43198847770691,Y54.353153705596924,Y54.41203331947327,Y217.60070133209229,Y54.26468753814697,Y217.88901329040527,Y54.39752197265625,B598.8429443836212,B54.22645926475525,Y218.12193655967712,Y163.6781666278839,Y54.59806966781616,B817.06223320961,B54.582178592681885,
Potomac Ave,,O54.559643268585205,S54.55964541435242,B54.187132358551025,O54.22915744781494,B652.1557185649872,B54.314653158187866,S543.3489351272583,O597.7391123771667,S54.390175104141235,O54.46720004081726,S652.0897040367126,B543.5088753700256,S54.619043588638306,O272.1655764579773,O598.4648780822754,O54.4243323802948,B653.2461559772491,S598.8559806346893,B54.49915099143982,S54.49915170669556,B707.6293108463287,B54.560970306396484,S762.275105714798,O599.0429484844208,S54.379064321517944,O54.379064083099365,B598.548501253128,S762.1210961341858,O1143.0776209831238,S54.234171628952026,O54.488484144210815,B653.0868577957153,S652.830926656723,S54.65588688850403,B653.0220057964325,O816.1436622142792,B54.42280983924866,O54.42280840873718,O543.9110021591187,S598.3994834423065,O54.343029499053955,S54.34302997589111,B707.6222043037415,B54.708937644958496,S653.073451757431,S54.74341535568237,O544.7372105121613,O54.58496928215027,B763.0850515365601,B54.35909080505371,
Potomac Yard,,Y108.56347560882568,Y54.5702166557312,Y54.5702166557312,B54.35140609741211,Y326.1325480937958,Y54.061272382736206,B271.3296568393707,B54.53880262374878,Y543.3294389247894,Y54.39600968360901,Y435.0511224269867,Y272.1277177333832,Y54.608222246170044,Y54.50190782546997,B544.1769893169403,Y217.60912442207336,Y54.510701179504395,B707.5540137290955,B54.51113200187683,Y381.0741801261902,Y326.4704842567444,B598.7752084732056,B54.70077967643738,B653.2437348365784,Y435.89029693603516,B54.300835371017456,Y54.30083608627319,Y707.7736551761627,Y54.240787506103516,B761.8678171634674,Y380.78222489356995,B54.21903920173645,Y54.42684984207153,Y544.0181624889374,B598.4404129981995,B54.41200923919678,Y163.17786359786987,Y54.526495933532715,B326.44815135002136,Y435.4784016609192,Y54.71700978279114,Y218.13018107414246,Y545.1698417663574,Y54.548609018325806,B817.6829755306244,Y163.6430311203003,
Reston Town Center,,S597.6244790554047,S54.54361438751221,S543.5234639644623,S54.6010377407074,S762.0660002231598,S54.336730003356934,S544.4751870632172,S54.12178134918213,S326.95051550865173,S54.238120555877686,S707.7732565402985,S54.245760440826416,S489.61847710609436,S54.47535490989685,S816.19655418396,S54.52271008491516,S545.1603009700775,S708.6307756900787,S54.65596032142639,S54.35209393501282,
Rhode Island Ave-Brentwood,,R54.041027307510376,R54.490628480911255,R272.0132930278778,R54.1976044178009,R326.1303312778473,R54.05397343635559,R162.7696921825409,R54.53696894645691,R272.00606393814087,R54.331515312194824,R326.4173061847687,R54.40553569793701,R326.54928159713745,R326.7361259460449,R54.511293172836304,R381.25992226600647,R54.12173080444336,R381.0474944114685,R163.69186520576477,R54.36807560920715,R108.8031792640686,R54.45095443725586,R435.4154541492462,R54.08278942108154,R489.5099515914917,R54.415419816970825,R217.99786353111267,R54.20673108100891,R381.0380268096924,R54.30714726448059,R380.9080650806427,R54.60203194618225,R163.45283365249634,R54.730483055114746,R272.6742973327637,R218.12790966033936,R54.580599784851074,
Rockville,,R54.04998803138733,R54.33277106285095,R271.9963548183441,R54.189019203186035,R271.79294538497925,R54.42399978637695,R54.044116735458374,R54.0441153049469,R54.4796576499939,R54.376654386520386,R54.31662631034851,R217.54770016670227,R54.37476181983948,R54.47136878967285,R108.79737710952759,R54.44839429855347,R272.26657247543335,R435.26178312301636,R54.22080731391907,R54.534308433532715,R54.53430938720703,R109.11581468582153,R54.32327437400818,R54.258615016937256,R272.346173286438,R163.17686200141907,R218.08759713172913,R54.452210426330566,R435.28607296943665,R54.70485973358154,R217.79681277275085,R54.249759674072266,R217.60142064094543,R54.08480358123779,R326.62326884269714,R435.18565249443054,R54.42624521255493,R272.03788113594055,R54.4493453502655,R435.80109667778015,R54.39279294013977,R327.27075386047363,R54.58724641799927,R163.72509241104126,R54.54133749008179,
Ronald Regan Washington National Airport,,B54.048362731933594,Y54.31263828277588,Y108.84268069267273,Y54.360825061798096,Y54.34247922897339,B271.9836392402649,Y380.18765449523926,Y54.36828589439392,B760.723940372467,Y54.47847843170166,B489.017630815506,Y543.4663887023926,B54.448758125305176,B54.469990253448486,Y217.63588190078735,Y54.524943113327026,Y272.2574622631073,Y54.231446266174316,Y326.7400493621826,Y54.327292919158936,B762.1402759552002,B598.8958361148834,B54.115848779678345,Y435.38851284980774,Y54.592759132385254,Y381.0883948802948,Y54.435338735580444,B653.4749464988708,B54.08235955238342,B761.6731543540955,Y653.0471084117889,B54.47830939292908,Y54.424455881118774,Y543.9642922878265,Y54.57029604911804,B326.57377529144287,Y380.9219334125519,Y54.54069685935974,Y380.89233589172363,B598.6639568805695,Y54.29856085777283,B54.45434355735779,Y163.3347361087799,Y54.57032585144043,Y218.19115352630615,Y54.38910508155823,Y163.7272400856018,Y54.54096245765686,B817.4547202587128,Y490.89459347724915,B54.65824484825134,
Rosslyn,,B54.31702446937561,O54.33694672584534,S54.32512450218201,B543.4011116027832,O380.2212233543396,B54.479063749313354,O54.47906565666199,B54.31056618690491,B54.46697926521301,B706.6577205657959,O923.9619295597076,B54.45528793334961,O54.390908002853394,S707.3425152301788,S707.8623983860016,S54.20436072349548,B598.8659007549286,B54.49406051635742,B653.0090334415436,O653.0233969688416,B54.40527272224426,O925.2474660873413,S544.518476486206,S598.8916046619415,B381.4677646160126,S54.32837200164795,B54.32836985588074,B707.5978729724884,B54.076819896698,O598.5647323131561,O54.48266005516052,O816.6294317245483,S652.9665427207947,S54.52682638168335,B761.7369179725647,B54.30260944366455,B653.121141910553,B54.575417041778564,O653.2138981819153,S1088.6130592823029,S54.56733274459839,O816.9148452281952,O54.59477186203003,S926.1566967964172,S272.8207437992096,S54.48431634902954,S54.53611207008362,B654.4977207183838,
Shady Grove,,R54.35809254646301,R706.6599297523499,R380.85769987106323,R54.67643094062805,R1034.4934267997742,R652.7825427055359,R1089.7306253910065,
Shaw-Howard U,,G54.05760598182678,G54.36125373840332,G434.63888931274414,G380.18095326423645,G54.380348682403564,G653.0801203250885,G54.24403214454651,G489.7482280731201,G54.52464509010315,G272.36314582824707,G54.50185680389404,G380.8443868160248,G54.615358114242554,G544.3069281578064,G54.52967143058777,G435.71721172332764,G54.37797927856445,G271.7292401790619,G543.9948649406433,G489.7651746273041,G54.457884788513184,G272.1505389213562,G54.577080965042114,G327.25475907325745,G54.60018873214722,G490.9077818393707,
Silver Spring,,R54.493820905685425,R326.1089708805084,R54.02649664878845,R489.0143253803253,R54.387752056121826,R380.8650665283203,R272.091548204422,R54.5594379901886,R217.84374451637268,R54.38503432273865,R163.0904791355133,R54.536890268325806,R381.10734462738037,R326.41471910476685,R54.07939076423645,R272.51411414146423,R54.47654867172241,R381.3530080318451,R54.55228042602539,R380.60879588127136,R380.58736395835876,R54.56026339530945,R54.538654088974,R54.358869314193726,R54.265793561935425,R326.6167769432068,R54.41563439369202,R272.0804216861725,R54.57319092750549,R490.2439317703247,R54.44179940223694,R327.28796672821045,R54.52060294151306,R327.3115031719208,
Silver Spring Transit Center,,
Smithsonian,,B54.04896116256714,B54.191062927246094,S54.414246559143066,O380.3437111377716,O54.46015286445618,B652.2089116573334,B54.49396729469299,B597.8336877822876,B54.45606541633606,O869.9322140216827,O54.4281485080719,S544.1051580905914,S54.366963386535645,S815.8921031951904,S54.59208559989929,B653.2230310440063,B489.97534370422363,B54.415830850601196,O979.2695379257202,O544.034074306488,O54.44875478744507,O54.44875526428223,O54.760302782058716,O54.55112147331238,S598.9132614135742,S54.4220929145813,S653.1611590385437,S54.56880474090576,B653.317850112915,B54.40076231956482,B762.1344442367554,B54.35490012168884,O543.856369972229,O54.495240211486816,O707.6630353927612,S652.7186851501465,S54.511454343795776,S870.6245021820068,S54.38254952430725,B598.4512493610382,B707.0948665142059,B54.48279023170471,O762.3528916835785,O54.46566653251648,O816.8185591697693,S490.4503812789917,S54.60571575164795,B708.8208186626434,
Southern Avenue,,G54.168861865997314,G54.33355259895325,G54.20567202568054,G216.95859694480896,G54.549063205718994,G380.4976966381073,G54.29310059547424,G326.3340344429016,G435.5150487422943,G54.59144735336304,G544.4337830543518,G54.41824221611023,G489.9127461910248,G326.6555440425873,G54.4301872253418,G54.43018937110901,G272.2128825187683,G54.41451072692871,G544.1355228424072,G54.3906352519989,G489.48435139656067,G54.51137900352478,G326.4718735218048,G54.44157552719116,G544.8302946090698,G54.605700731277466,G490.61951088905334,
Spring Hill,,S54.433777809143066,S54.56575274467468,S597.86279296875,S54.48008394241333,S652.918741941452,S54.40004754066467,S326.65611457824707,S54.64666748046875,S871.1579263210297,S54.41650700569153,S816.3274433612823,S54.34967637062073,S598.3585093021393,S544.0088315010071,S54.454099893569946,S54.454102516174316,S436.00526762008667,S436.0052659511566,S54.601163387298584,S54.60116171836853,
Stadium-Armory,,S54.5053915977478,B54.04527831077576,O54.67266607284546,S380.6457312107086,S54.10908794403076,S543.224888086319,B652.2012693881989,B54.485745906829834,O597.4820091724396,B597.4820063114166,O54.525007486343384,O652.3438193798065,S652.6553070545197,S54.48719000816345,S54.37525987625122,S652.9015753269196,O380.98946833610535,O54.59778928756714,O54.643359661102295,O54.18378973007202,B707.6693506240845,B54.46678853034973,B707.8457763195038,O652.8950052261353,S707.7061910629272,S54.48868370056152,S816.7507877349854,B544.3312771320343,S54.322458267211914,B54.48723316192627,B707.7738511562347,O870.5979001522064,O54.51010870933533,O871.1821575164795,S652.9598824977875,O54.36062026023865,S54.28172588348389,S598.3854157924652,B598.4233853816986,S54.52520418167114,B54.35062909126282,O544.1118414402008,O54.51385831832886,B707.0534970760345,O544.4701669216156,S653.7269039154053,S54.59381580352783,B763.2844619750977,
Suitland,,G54.52096700668335,G54.49573230743408,G434.65141582489014,G53.977837800979614,G434.6871690750122,G54.42070770263672,G217.3740565776825,G380.9127037525177,G54.525779008865356,G54.43445110321045,G326.5744502544403,G544.4174642562866,G544.5704419612885,G54.3431978225708,G381.0737729072571,G54.43759870529175,G272.2042694091797,G54.42508101463318,G489.59370970726013,G54.54943895339966,G598.3571846485138,G54.473596811294556,G544.0789837837219,G54.54326057434082,G272.44456601142883,G54.47753691673279,G327.28456568717957,G54.53668665885925,
Takoma,,R54.51960778236389,R272.0419018268585,R54.17912840843201,R488.6315543651581,R54.59489440917969,R325.93791365623474,R54.23926258087158,R217.50928235054016,R54.28201508522034,R54.53411316871643,R326.58490920066833,R163.4635717868805,R54.55192279815674,R54.36999726295471,R217.51579451560974,R54.60682201385498,R326.5639522075653,R54.44538974761963,R380.99174427986145,R54.55637812614441,R326.6377627849579,R54.43942451477051,R272.19047594070435,R54.31897020339966,R381.15109610557556,R53.93202066421509,R54.66742205619812,R54.38772964477539,R326.4146111011505,R54.377787351608276,R326.46643686294556,R489.5480773448944,R54.52853345870972,R54.54340934753418,R326.9139130115509,R54.48057293891907,R272.70147156715393,R54.5865375995636,R327.28927850723267,R218.37531089782715,R54.75535178184509,
Tenleytown-AU,,R272.0484895706177,R54.67845559120178,R54.17308831214905,R54.43100023269653,R162.49263215065002,R271.0967185497284,R54.60436749458313,R217.75363421440125,R54.48642110824585,R326.3189194202423,R54.4377281665802,R272.1507377624512,R435.77484488487244,R54.21946859359741,R380.9645359516144,R217.52148628234863,R54.62380838394165,R217.83289313316345,R489.9781882762909,R54.314173460006714,R217.70733046531677,R54.423738956451416,R380.94919776916504,R326.4339601993561,R326.3533947467804,R54.535913944244385,R380.6215343475342,R54.544849157333374,R435.73141980171204,R218.15268635749817,R54.53014135360718,R218.30319142341614,R382.05487298965454,
Twinbrook,,R54.0346736907959,R54.47367334365845,R380.6417775154114,R54.11942911148071,R326.1490390300751,R53.97502326965332,R54.60166263580322,R54.401432514190674,R271.8112199306488,R54.32735538482666,R217.3820502758026,R54.54040241241455,R217.60564970970154,R54.43630409240723,R54.47093749046326,R108.9178249835968,R54.390024185180664,R54.355592250823975,R489.999639749527,R217.8652627468109,R54.40474534034729,R272.14511275291443,R217.74036717414856,R54.52859711647034,R217.8331425189972,R54.31162166595459,R435.4297387599945,R54.51945877075195,R435.323938369751,R217.53445839881897,R54.543551445007324,R54.380980491638184,R271.92629528045654,R54.49893379211426,R435.00111413002014,R54.53718280792236,R272.42489552497864,R163.69280648231506,R54.46928572654724,R381.74122500419617,R327.2719383239746,R54.787145137786865,R54.787144899368286,
Tysons,,S54.024758100509644,S54.47017192840576,S598.025964975357,S54.34083819389343,S652.4179110527039,S54.105406761169434,S326.6391816139221,S54.34461808204651,S707.6691846847534,S1306.6540360450745,S54.42496061325073,S217.50751757621765,S54.54247999191284,S54.38250660896301,S707.4852035045624,S54.39378595352173,S435.3124635219574,S544.2605321407318,S54.554285287857056,S54.58435535430908,S436.52930068969727,
U Street-Cardozo,,G163.17700004577637,G54.628249168395996,G54.18153715133667,G380.40324091911316,G434.5847797393799,G54.386852741241455,G54.38685131072998,G489.7378809452057,G54.403695583343506,G653.0701649188995,G54.44081091880798,G381.0474588871002,G54.1163227558136,G326.37576174736023,G54.615981578826904,G435.9537298679352,G54.483219385147095,G489.9638719558716,G54.50337362289429,G217.55848670005798,G54.3819317817688,G543.8298273086548,G54.57536458969116,G217.5629804134369,G54.35128116607666,G489.8143837451935,G381.88832545280457,G54.44655156135559,G490.99788546562195,G54.44245433807373,
Union Station,,R54.017423152923584,R163.50338912010193,R54.16365194320679,R380.6602098941803,R54.11509299278259,R380.3585147857666,R326.15424036979675,R54.521552085876465,R326.3873870372772,R272.10264110565186,R381.3114948272705,R54.24149227142334,R380.9740517139435,R108.82247734069824,R54.11256527900696,R381.1585669517517,R54.30780863761902,R435.94708704948425,R163.415753364563,R54.48566699028015,R54.48566699028015,R380.794917345047,R54.376423835754395,R435.17134189605713,R54.387797355651855,R217.59207105636597,R217.51789736747742,R54.51587104797363,R272.2147567272186,R54.44394540786743,R381.57705211639404,R54.40404677391052,R272.86527967453003,R54.58764314651489,R272.9618580341339,
Van Dorn Street,,B54.551995515823364,B706.5931007862091,B869.5304963588715,B54.44360089302063,B54.44693470001221,B163.3301351070404,B54.35936522483826,B707.6987571716309,B489.99672985076904,B54.527785539627075,B653.1110718250275,B54.49748706817627,B598.5770945549011,B54.36634564399719,B815.967413187027,B707.7645330429077,B54.48013162612915,B54.74591135978699,B272.5441508293152,B54.772865772247314,
Van Ness-UDC,,R54.00725841522217,R54.63766145706177,R217.6772928237915,R54.42328119277954,R271.58280181884766,R54.39633393287659,R217.11594152450562,R54.382118225097656,R217.41802287101746,R271.91496872901917,R380.9415080547333,R54.34471797943115,R381.1491057872772,R435.4730987548828,R54.09262490272522,R489.96771812438965,R218.23689532279968,R54.29509615898132,R217.6097538471222,R54.603103160858154,R217.92499494552612,R54.28591012954712,R271.8649971485138,R54.5003457069397,R326.4779827594757,R54.39233922958374,R380.86877942085266,R54.331685304641724,R326.4252710342407,R54.37700033187866,R217.8927924633026,R436.3758623600006,R54.523417711257935,R381.89965438842773,R54.6365761756897,
Vienna/Fairfax-GMU,,O1468.9426937103271,O707.4791069030762,O1415.12473654747,O54.3951051235199,
Virginia Square-GMU,,S54.67740774154663,O706.6089158058167,S706.4749090671539,S760.9309840202332,S54.45607590675354,O435.28172183036804,O652.880398273468,O54.568214893341064,S598.4574725627899,S54.60643124580383,S707.6795325279236,O762.2471437454224,O925.5932743549347,O54.43331837654114,S489.97035002708435,O598.2502269744873,O54.5409460067749,S1142.919995546341,S652.8477239608765,O815.9591739177704,S54.38438057899475,S217.90490651130676,S54.45145225524902,S272.9073431491852,O653.9669320583344,S54.528743267059326,O54.52874493598938,O599.8003735542297,O54.788501024246216,
Washington Dulles International Airport,,S54.435304164886475,S760.9594366550446,S54.50274658203125,S652.3081452846527,S54.5596489906311,S707.466475725174,S489.81348299980164,S54.095234394073486,S598.9985671043396,S54.443129539489746,S544.8992960453033,S54.2857780456543,S54.28577661514282,S326.44016885757446,S598.3354144096375,S54.51797604560852,S871.682361125946,S54.633065938949585,S654.1745562553406,S54.7963969707489,
Waterfront,,G54.43266415596008,G489.35828280448914,G53.95671582221985,G54.47489404678345,G489.0555992126465,G326.3125352859497,G54.35103487968445,G54.61474347114563,G326.5886015892029,G54.56125259399414,G489.81658697128296,G54.405518531799316,G544.5168595314026,G381.24183535575867,G54.41197085380554,G54.42672824859619,G326.47806453704834,G54.47290563583374,G435.18113231658936,G54.37035417556763,G272.1161744594574,G54.55581831932068,G489.6992371082306,G54.16790795326233,G54.16791033744812,G436.1454975605011,G54.50864815711975,G490.65414452552795,G54.60246729850769,
West Falls Church,,O489.3620388507843,O53.952255964279175,O706.3841676712036,O707.3770914077759,O54.5656042098999,O761.984377861023,O54.430136919021606,O380.8042023181915,O653.2938160896301,O54.46392107009888,O54.182058334350586,O54.48162221908569,O54.3588662147522,O871.0411479473114,O544.2683680057526,O54.48826313018799,O653.4682354927063,O54.57463335990906,O545.5829792022705,
West Hyattsville,,G54.32844686508179,G489.3537518978119,G489.04797196388245,G54.32728552818298,G54.50904679298401,G54.28274083137512,G434.74847984313965,G54.61937117576599,G435.51839447021484,G54.57199454307556,G435.76997923851013,G54.03156352043152,G544.4809472560883,G707.6823916435242,G54.41234564781189,G217.3953993320465,G326.31408953666687,G54.485891580581665,G489.66789293289185,G54.522703409194946,G653.0984213352203,G54.616644620895386,G109.04925298690796,G545.3821232318878,G54.501402854919434,
Wheaton,,R54.5787467956543,R54.1812801361084,R54.482720375061035,R54.48272085189819,R54.32538604736328,R54.461015462875366,R54.4065306186676,R54.24343657493591,R326.10858273506165,R53.953885078430176,R217.0972318649292,R217.63764142990112,R54.50408315658569,R489.7739305496216,R54.36162996292114,R381.0895583629608,R54.149813413619995,R272.5807840824127,R54.02888035774231,R272.4119393825531,R54.25939583778381,R162.92885971069336,R326.8206069469452,R327.1483852863312,R54.420565128326416,R54.40141582489014,R326.5155861377716,R54.19655418395996,R435.13191628456116,R54.542381048202515,R272.2961277961731,R54.14374661445618,R326.31027364730835,R54.51874136924744,R272.14360904693604,R54.515111446380615,R163.3846046924591,R54.62840509414673,R381.83758330345154,R54.643269300460815,R381.8801598548889,R54.4746732711792,
Wiehle-Reston East,,S54.18748331069946,S54.459394454956055,S652.1737821102142,S543.4128544330597,S54.291069984436035,S544.768739938736,S54.018492698669434,S816.4108426570892,S54.08711218833923,S326.7593467235565,S54.475088357925415,S707.8640742301941,S816.0028185844421,S54.51063680648804,S544.1972777843475,S544.8749749660492,S54.51257634162903,S708.9997634887695,
Woodley Park-Zoo/Adams Morgan,,R54.48109817504883,R54.24032759666443,R217.430082321167,R54.16840696334839,R325.9321291446686,R271.7637195587158,R217.65961623191833,R54.45748448371887,R326.39691615104675,R54.54246544837952,R381.102703332901,R435.55567049980164,R54.249884366989136,R435.448237657547,R217.9231059551239,R54.4658317565918,R54.46583151817322,R217.766597032547,R54.40250897407532,R272.1691081523895,R54.46320652961731,R217.39032530784607,R54.47191524505615,R380.7258269786835,R326.4991192817688,R54.54989981651306,R272.0694658756256,R326.68908977508545,R381.3990342617035,R54.56814956665039,R490.9880313873291,R327.362694978714,
